迪希雅,15675
胡桃,15552
芙宁娜,15307
妮露,15185
那维莱特,钟离,琴,14695
夜兰,14450
神里绫人,13715
莱欧斯利,13593
珊瑚宫心海,13471
艾尔海森,枫原万叶,白术,13348
优菈,阿贝多,13226
刻晴,达达利亚,13103
北斗,13050
申鹤,12993
迪卢克,12981
雷电将军,12907
神里绫华,荒泷一斗,12858
魈,12736
娜维娅,12650
米卡,12506
赛诺,12491
琳妮特,多莉,班尼特,12397
七七,12368
罗莎莉亚,久岐忍,瑶瑶,12289
绮良良,12180
菲米尼,诺艾尔,12071
夏沃蕾,雷泽,卡维,11962
早柚,11854
凯亚,11636
辛焱,11201
莱依拉,11092
林尼,11021
重云,11984
埃洛依,10899
香菱,旅行者,坎蒂丝,10875
提纳里,10850
夏洛蒂,10766
鹿野院平藏,云堇,10657
温迪,10531
莫娜,闲云,10409
八重神子,10372
纳西妲,10360
托马,10331
可莉,10287
行秋,10222
流浪者,宵宫,10164
甘雨,9797
凝光,9789
柯莱,芭芭拉,9787
丽莎,迪奥娜,珐露珊,九条裟罗,五郎,9570
安柏,9461
烟绯,9352
砂糖,9244
菲谢尔,9189